,the,quick,brown,fox,jumps,over,lazy,dog,and,jump,never,quickly
0,0.0,0.6931471805599453,0.6931471805599453,0.6931471805599453,0.6931471805599453,0.0,0.0,0.0,0.6931471805599453,0.6931471805599453,0.6931471805599453,0.6931471805599453
